USE PROYECTO_TERCERA_RUEDA;

-- TABLA USUARIO
INSERT INTO USUARIO VALUES('0952835189', 'KEVIN ADONIS', 'VARGAS BENAVIDES', '1947-11-13', 75, 'HOMBRE', 990190253);
INSERT INTO USUARIO VALUES('0978544555', 'MARCO ANTONIO', 'VARGAS BENAVIDES', '1952-10-02', 70, 'HOMBRE', 954524858);
INSERT INTO USUARIO VALUES('0945245275', 'MARCO OSWALDO', 'VARGAS TIXE', '1942-01-24', 80, 'HOMBRE', 961478520);
INSERT INTO USUARIO VALUES('0276535858', 'DELFA YOLANDA', 'BENAVIDES CAMACHO', '1937-04-05', 85, 'MUJER', 456982105);
INSERT INTO USUARIO VALUES('0765441568', 'ALEXANDER WILLY', 'VILLACRES VARGAS', '1945-09-15', 77, 'HOMBRE', 102395745);
INSERT INTO USUARIO VALUES('0485248565', 'ALLISON JOHANNA', 'ALCOCER ORDOÑEZ', '1942-01-10', 80, 'MUJER', 456821024);
INSERT INTO USUARIO VALUES('0452156398', 'RICHARD VALENTIN', 'VANEGAS VILLA', '1940-04-15', 82, 'HOMBRE', 152496320);
INSERT INTO USUARIO VALUES('0569845854', 'DANNY ALEXANDER', 'CENTENO MOREIRA', '1946-08-12', 75, 'HOMBRE', 521789654);
INSERT INTO USUARIO VALUES('0945285564', 'JUAN EMANUEL', 'SALCEDO ORDOÑEZ', '1941-12-05', 81, 'HOMBRE', 145698257);
INSERT INTO USUARIO VALUES('0874756320', 'RODDY EINER', 'AGUILAR SALINAS', '1938-10-25', 84, 'HOMBRE', 105987456);
INSERT INTO USUARIO VALUES('0845218568', 'JANNUS JOSE', 'CERCADO LOPEZ', '1930-09-30', 92, 'HOMBRE', 541269874);
INSERT INTO USUARIO VALUES('0642654687', 'ASTRID CAROLINA', 'BRAVO JIMENEZ', '1935-01-02', 87, 'MUJER', 012789651);
INSERT INTO USUARIO VALUES('0754682497', 'SAULO JOSE', 'JIMENEZ VEGA', '1943-08-04', 79, 'HOMBRE', 045987459);
INSERT INTO USUARIO VALUES('0789654456', 'SIAM', 'ALI', '1935-07-10', 87, 'HOMBRE', 014789521);
INSERT INTO USUARIO VALUES('0145878236', 'KARLA MARIA', 'MENA LOPEZ', '1946-11-10', 76, 'MUJER', 785124690);

-- TABLA FAMILIAR_USUARIO
INSERT INTO FAMILIAR_USUARIO VALUES('0952835179', 'ADAN MARIO', 'VARGAS BENAVIDES', 'LA 21 Y VENEZUELA', 012395486, '0952835189');
INSERT INTO FAMILIAR_USUARIO VALUES('0942843698', 'CARLA SHEILA', 'VARGAS BENAVIDES', 'LA 21 Y PORTETE', 012365478, '0978544555');
INSERT INTO FAMILIAR_USUARIO VALUES('0543684556', 'NACHO ISMAIL', 'VARGAS TIXE', 'LA 24 Y PORTETE', 012369540, '0945245275');
INSERT INTO FAMILIAR_USUARIO VALUES('0212546987', 'AINARA MARIANA', 'BENAVIDES CAMACHO', 'ORQUIDES MZ64 V16', 014785236, '0276535858');
INSERT INTO FAMILIAR_USUARIO VALUES('0258936456', 'CATALINA LEONOR', 'VILLACRES VARGAS', 'LA 24 Y VENEZUELA', 012398756, '0765441568');
INSERT INTO FAMILIAR_USUARIO VALUES('0548966178', 'MAX MARIANO', 'ALCOCER ORDOÑEZ', 'ARGENTINA Y LA 20', 059874125, '0485248565');
INSERT INTO FAMILIAR_USUARIO VALUES('0874126549', 'MODESTO MOUSSA', 'VANEGAS VILLA', 'LA 15 Y COLOMBIA', 058941258, '0452156398');
INSERT INTO FAMILIAR_USUARIO VALUES('0954165854', 'ALFREDO ALBERTO', 'CENTENO MOREIRA', 'HUANCAVILCA Y LA O', 014785410, '0569845854');
INSERT INTO FAMILIAR_USUARIO VALUES('0843114568', 'ELISABETH ROSA', 'SALCEDO ORDOÑEZ', 'SALINAS Y LA A', 014741258, '0945285564');
INSERT INTO FAMILIAR_USUARIO VALUES('0988874512', 'NARCISO ORIOL', 'AGUILAR SALINAS', 'SALINAS Y LA O', 369852015, '0874756320');
INSERT INTO FAMILIAR_USUARIO VALUES('0985412424', 'PEDRO MARKEL', 'CERCADO LOPEZ', 'LA ENTRADA DE LA Q', 014569852, '0845218568');
INSERT INTO FAMILIAR_USUARIO VALUES('0215553665', 'ALBA LUZ', 'BRAVO JIMENEZ', 'VIA DAULE', 140256398, '0642654687');
INSERT INTO FAMILIAR_USUARIO VALUES('0840546089', 'MARIAM MIA', 'JIMENEZ VEGA', 'VIA LA COSTE', 102350489, '0754682497');
INSERT INTO FAMILIAR_USUARIO VALUES('0942652462', 'HERMINIO SERGIO', 'ALI', 'DURAN LA A Y E', 145632987, '0789654456');
INSERT INTO FAMILIAR_USUARIO VALUES('0878787825', 'RUBEN RAMON', 'MENA LOPEZ', 'MUCHO LOTE ETAPA A', 014796302, '0145878236');

-- TABLA PASATIEMPO
INSERT INTO PASATIEMPO VALUES(1000, 'ESTIRAR', '0952835189');
INSERT INTO PASATIEMPO VALUES(1001, 'CAMINAR', '0978544555');
INSERT INTO PASATIEMPO VALUES(1002, 'HACER EJERCICIO FISICO', '0945245275');
INSERT INTO PASATIEMPO VALUES(1003, 'PRACTICAR DEPORTES', '0276535858');
INSERT INTO PASATIEMPO VALUES(1004, 'VIAJAR', '0765441568');
INSERT INTO PASATIEMPO VALUES(1005, 'JUGAR VIDEOJUEGOS', '0485248565');
INSERT INTO PASATIEMPO VALUES(1006, 'LEER LIBROS', '0452156398');
INSERT INTO PASATIEMPO VALUES(1007, 'ESCRIBIR', '0569845854');
INSERT INTO PASATIEMPO VALUES(1008, 'BAILAR', '0945285564');
INSERT INTO PASATIEMPO VALUES(1009, 'ESCUCHAR MUSICA', '0874756320');
INSERT INTO PASATIEMPO VALUES(1010, 'COLECCIONAR', '0845218568');
INSERT INTO PASATIEMPO VALUES(1011, 'TEJER', '0642654687');
INSERT INTO PASATIEMPO VALUES(1012, 'YOGA', '0754682497');
INSERT INTO PASATIEMPO VALUES(1013, 'PINTAR', '0789654456');
INSERT INTO PASATIEMPO VALUES(1014, 'TOCAR INSTRUMENTOS MUSICALES', '0145878236');

-- TABLA GRUPO
INSERT INTO GRUPO VALUES(5000, 'GRUPO DE ESTIRAMIENTOS');
INSERT INTO GRUPO VALUES(5001, 'GRUPO DE CAMINATA O TROTE');
INSERT INTO GRUPO VALUES(5002, 'GRUPO EJERCICIOS DE MAQUINAS DE PESOS');
INSERT INTO GRUPO VALUES(5003, 'GRUPO DE SPINNIGN');
INSERT INTO GRUPO VALUES(5004, 'GRUPO DE BAILE');
INSERT INTO GRUPO VALUES(5005, 'GRUPO DE NATACION');
INSERT INTO GRUPO VALUES(5006, 'GRUPO PARA SALA DE VIDEOJUEGOS');
INSERT INTO GRUPO VALUES(5007, 'GRUPO PARA LA SALA DE BIBLIOTECA-LECTURA');
INSERT INTO GRUPO VALUES(5008, 'GRUPO PARA SALA DE MUSICA');
INSERT INTO GRUPO VALUES(5009, 'GRUPO PARA LA SALA DE TEJIDO');
INSERT INTO GRUPO VALUES(5010, 'GRUPO DE YOGA');
INSERT INTO GRUPO VALUES(5011, 'GRUP PARA SALA DE PINTURA');
INSERT INTO GRUPO VALUES(5012, 'GRUPO PARA EL PICNIC');
INSERT INTO GRUPO VALUES(5013, 'GRUPO DE ESCRITURA');
INSERT INTO GRUPO VALUES(5014, 'GRUPO PARA MINI-VIAJES');

-- TABLA ACTIVIDADES
INSERT INTO ACTIVIDADES VALUES(2000, 'ESTIRAMIENTOS DEL CUERPO', 'EJERCICIO DONDE LAS PERSONAS ESTIRAN LOS MUSCULOS DEL CUERPO PARA MEJORAR SU MOVILIDAD Y PREVENIR CALAMBRES', 75, 95, 5000);
INSERT INTO ACTIVIDADES VALUES(2001, 'CAMINATA O TROTE', 'EJERCICIO PARA DESPEJAR LA MENTE Y TENER UN BUEN CARDIO', 75, 85, 5001);
INSERT INTO ACTIVIDADES VALUES(2002, 'EJERCICIOS DE MAQUINAS DE PESOS', 'EJERCICIOS PARA AQUELLAS PERSONAS DEPORTISTA DE MAYOR EDAD QUE AUN TIENEN CONDICION FISICA PARA EL GYM', 75, 87, 5002);
INSERT INTO ACTIVIDADES VALUES(2003, 'SPINNIGN', 'EJERCICIO DE MAQUINA O AL AIRE LIBRE PARA DISFRUTAR EL PAISAJE', 75, 90, 5003);
INSERT INTO ACTIVIDADES VALUES(2004, 'BAILE O BAILO TERAPIA', 'EJERCICIO PARA MOVER EL CUERPO AL RITMO DE LA MUSICA Y TAMBIEN PARA LA SALUD', 75, 86, 5004);
INSERT INTO ACTIVIDADES VALUES(2005, 'NATACION', 'EJERCICIO PARA MEJORAR LA SALUD Y TAMBIEN PARA AQUELLOS DEPORTISTAS MAYORES', 75, 97, 5005);
INSERT INTO ACTIVIDADES VALUES(2006, 'SALA DE VIDEOJUEGOS', 'SALA DE ENTRETENIMIENTO PARA MAYORES MODERNOS', 75, 90, 5006);
INSERT INTO ACTIVIDADES VALUES(2007, 'BIBLIOTECA-LECTURA', 'SALA DONDE PUEDEN RELAJARSE LEYENDO UN LIBRO CON TAZA DE TE O CAFE', 75, 100, 5007);
INSERT INTO ACTIVIDADES VALUES(2008, 'SALA DE MUSICA', 'SALA DE PRACTICA DE INSTRUMENTOS MUSICALES Y PRESENTACIONES', 75, 100, 5008);
INSERT INTO ACTIVIDADES VALUES(2009, 'SALA DE TEJIDO', 'SALA DONDE PUEDEN TEJER Y HACER DIFERENTES MANUALIDADES', 75, 95, 5009);
INSERT INTO ACTIVIDADES VALUES(2010, 'YOGA', 'APLICACION DE VARIOS EJERCICIOS DE YOGA', 75, 91, 5010);
INSERT INTO ACTIVIDADES VALUES(2011, 'SALA DE PINTURA', 'SALA DONDE PUEDEN APLICAR DIFERENTES TIPO DE ARTE', 75, 110, 5011);
INSERT INTO ACTIVIDADES VALUES(2012, 'PICNIC', 'ACTIVIDAD DE RECREACION Y CONVIVENCIA CON LAS PERSONAS AL AIRE LIBRE', 75, 97, 5012);
INSERT INTO ACTIVIDADES VALUES(2013, 'ESCRITURA', 'ACTIVDAD PARA ESCRIBIR Y AMBIENTE TRANQUILO', 75, 100, 5013);
INSERT INTO ACTIVIDADES VALUES(2014, 'MINI-VIAJES', 'ACTIVIDAD DE RECREACION Y CONVIVENCIA MIENTRAS SE ESTA EN LA PLAYA O DIFERNTE LUGAR', 75, 85, 5014);

-- TABLA RECOMENDACION_ACT
INSERT INTO RECOMENDACION_ACT VALUES(4000, 'PRESENCIAL-SI', 'VIRTUAL-SI', 'VIDEOS_TUTORIAL Y MATERIALES', 2000, '0952835189', 1000);
INSERT INTO RECOMENDACION_ACT VALUES(4001, 'PRESENCIAL-SI', 'VIRTUAL-NO', 'VIDEOS_TUTORIAL Y MATERIALES', 2001, '0978544555', 1001);
INSERT INTO RECOMENDACION_ACT VALUES(4002, 'PRESENCIAL-SI', 'VIRTUAL-NO', 'VIDEOS_TUTORIAL Y MATERIALES', 2002, '0945245275', 1002);
INSERT INTO RECOMENDACION_ACT VALUES(4003, 'PRESENCIAL-SI', 'VIRTUAL-SI', 'VIDEOS_TUTORIAL Y MATERIALES', 2003, '0276535858', 1003);
INSERT INTO RECOMENDACION_ACT VALUES(4004, 'PRESENCIAL-SI', 'VIRTUAL-SI', 'VIDEOS_TUTORIAL Y MATERIALES', 2004, '0945285564', 1008);
INSERT INTO RECOMENDACION_ACT VALUES(4005, 'PRESENCIAL-SI', 'VIRTUAL-NO', 'VIDEOS_TUTORIAL Y MATERIALES', 2005, '0276535858', 1003);
INSERT INTO RECOMENDACION_ACT VALUES(4006, 'PRESENCIAL-SI', 'VIRTUAL-SI', 'VIDEOS_TUTORIAL Y MATERIALES', 2006, '0485248565', 1005);
INSERT INTO RECOMENDACION_ACT VALUES(4007, 'PRESENCIAL-SI', 'VIRTUAL-SI', 'VIDEOS_TUTORIAL Y MATERIALES', 2007, '0452156398', 1006);
INSERT INTO RECOMENDACION_ACT VALUES(4008, 'PRESENCIAL-SI', 'VIRTUAL-NO', 'VIDEOS_TUTORIAL Y MATERIALES', 2008, '0874756320', 1009);
INSERT INTO RECOMENDACION_ACT VALUES(4009, 'PRESENCIAL-SI', 'VIRTUAL-SI', 'VIDEOS_TUTORIAL Y MATERIALES', 2009, '0642654687', 1011);
INSERT INTO RECOMENDACION_ACT VALUES(4010, 'PRESENCIAL-SI', 'VIRTUAL-SI', 'VIDEOS_TUTORIAL Y MATERIALES', 2010, '0754682497', 1012);
INSERT INTO RECOMENDACION_ACT VALUES(4011, 'PRESENCIAL-SI', 'VIRTUAL-NO', 'VIDEOS_TUTORIAL Y MATERIALES', 2011, '0789654456', 1013);
INSERT INTO RECOMENDACION_ACT VALUES(4012, 'PRESENCIAL-SI', 'VIRTUAL-NO', 'VIDEOS_TUTORIAL Y MATERIALES', 2012, '0765441568', 1004);
INSERT INTO RECOMENDACION_ACT VALUES(4013, 'PRESENCIAL-SI', 'VIRTUAL-SI', 'VIDEOS_TUTORIAL Y MATERIALES', 2013, '0569845854', 1007);
INSERT INTO RECOMENDACION_ACT VALUES(4014, 'PRESENCIAL-SI', 'VIRTUAL-NO', 'VIDEOS_TUTORIAL Y MATERIALES', 2014, '0765441568', 1004);
INSERT INTO RECOMENDACION_ACT VALUES(4015, 'PRESENCIAL-SI', 'VIRTUAL-SI', 'VIDEOS_TUTORIAL Y MATERIALES', 2006, '0845218568', 1010);
INSERT INTO RECOMENDACION_ACT VALUES(4016, 'PRESENCIAL-SI', 'VIRTUAL-NO', 'VIDEOS_TUTORIAL Y MATERIALES', 2008, '0145878236', 1014);



-- TABLA INTEGRANTES
INSERT INTO INTEGRANTES VALUES(5000, '0952835189', 'KEVIN ADONIS VARGAS BENAVIDES');
INSERT INTO INTEGRANTES VALUES(5001, '0978544555', 'MARCO ANTONIO VARGAS BENAVIDES');
INSERT INTO INTEGRANTES VALUES(5002, '0945245275', 'MARCO OSWALDO VARGAS TIXE');
INSERT INTO INTEGRANTES VALUES(5003, '0276535858', 'DELFA YOLANDA BENAVIDES CAMACHO');
INSERT INTO INTEGRANTES VALUES(5004, '0945285564', 'JUAN EMANUEL SALCEDO ORDOÑEZ');
INSERT INTO INTEGRANTES VALUES(5005, '0276535858', 'DELFA YOLANDA BENAVIDES CAMACHO');
INSERT INTO INTEGRANTES VALUES(5006, '0485248565', 'ALLISON JOHANNA ALCOCER ORDOÑEZ');
INSERT INTO INTEGRANTES VALUES(5006, '0845218568', 'JANNUS JOSE CERCADO LOPEZ');
INSERT INTO INTEGRANTES VALUES(5007, '0452156398', 'RICHARD VALENTIN VANEGAS VILLA');
INSERT INTO INTEGRANTES VALUES(5008, '0874756320', 'RODDY EINER AGUILAR SALINAS');
INSERT INTO INTEGRANTES VALUES(5008, '0145878236', 'KARLA MARIA MENA LOPEZ');
INSERT INTO INTEGRANTES VALUES(5009, '0642654687', 'ASTRID CAROLINA BRAVO JIMENEZ');
INSERT INTO INTEGRANTES VALUES(5010, '0754682497', 'SAULO JOSE JIMENEZ VEGA');
INSERT INTO INTEGRANTES VALUES(5011, '0789654456', 'SIAM ALI');
INSERT INTO INTEGRANTES VALUES(5012, '0765441568', 'ALEXANDER WILLY VILLACRES VARGAS');
INSERT INTO INTEGRANTES VALUES(5013, '0569845854', 'DANNY ALEXANDER CENTENO MOREIRA');
INSERT INTO INTEGRANTES VALUES(5014, '0765441568', 'ALEXANDER WILLY VILLACRES VARGAS');

-- TABLA MENSAJE_GRUPO
INSERT INTO MENSAJE_GRUPO VALUES(6000, '0952835189', 5000, 'HOLA');
INSERT INTO MENSAJE_GRUPO VALUES(6001, '0978544555', 5001, 'BUENOS DIAS');
INSERT INTO MENSAJE_GRUPO VALUES(6002, '0945245275', 5002, 'HI');
INSERT INTO MENSAJE_GRUPO VALUES(6003, '0276535858', 5003, 'BUENAS TARDES');
INSERT INTO MENSAJE_GRUPO VALUES(6004, '0945285564', 5004, 'BUENAS?');
INSERT INTO MENSAJE_GRUPO VALUES(6005, '0276535858', 5005, 'MUY BUENAS TARDES');
INSERT INTO MENSAJE_GRUPO VALUES(6006, '0485248565', 5006, 'HOLA, BUENOS DIAS');
INSERT INTO MENSAJE_GRUPO VALUES(6007, '0845218568', 5006, 'HOLA, SOY JANNUS Y TU COMO TE LLAMAS?');
INSERT INTO MENSAJE_GRUPO VALUES(6008, '0452156398', 5007, 'HOLA');
INSERT INTO MENSAJE_GRUPO VALUES(6009, '0874756320', 5008, 'HOLA, SOY RODDY. PARA LA ACTV HAY QUE LLAVAR ALGO?');
INSERT INTO MENSAJE_GRUPO VALUES(6010, '0145878236', 5008, 'HEY HOLA, SOY KARLA, EN EL VIDEO TUTORIAL DECIA QUE ROPA COMODA');
INSERT INTO MENSAJE_GRUPO VALUES(6011, '0642654687', 5009, 'BUENOS DIAS?');
INSERT INTO MENSAJE_GRUPO VALUES(6012, '0754682497', 5010, '¿?');
INSERT INTO MENSAJE_GRUPO VALUES(6013, '0789654456', 5011, 'HI');
INSERT INTO MENSAJE_GRUPO VALUES(6014, '0765441568', 5012, 'HOLA');
INSERT INTO MENSAJE_GRUPO VALUES(6015, '0569845854', 5013, 'BUENAS TARDES MI GENTE');
INSERT INTO MENSAJE_GRUPO VALUES(6016, '0765441568', 5014, 'QUE MAS PUES');

-- TABLA MENSAJE_USUARIO
INSERT INTO MENSAJE_USUARIO VALUES(7000, '0952835189', '0978544555', 'HEY HOLA, SOY KEVIN');
INSERT INTO MENSAJE_USUARIO VALUES(7001, '0978544555', '0952835189', 'HOLA KEVIN, QUE TAL?');
INSERT INTO MENSAJE_USUARIO VALUES(7002, '0952835189', '0978544555', 'BIEN GRACIAS, Y TU COMO TE SIENTES?');
INSERT INTO MENSAJE_USUARIO VALUES(7003, '0978544555', '0952835189', 'NERVIOSO, ES MI PRIMERA VEZ AQUI, POR CIERTO ME LLAMO MARCO');
INSERT INTO MENSAJE_USUARIO VALUES(7004, '0145878236', '0642654687', 'HEY HOLA SOY KARLA, TE GUSTARIA HACER UNA ACTIVIDAD JUNTAS?');
INSERT INTO MENSAJE_USUARIO VALUES(7005, '0642654687', '0145878236', 'CALRO QUE SI, POR CIERTO ME LLAMO ASTRID');
INSERT INTO MENSAJE_USUARIO VALUES(7006, '0145878236', '0642654687', 'COMO QUE ACTIVIDAD TE GUSTARIA QUE HICIERAMOS ?');
INSERT INTO MENSAJE_USUARIO VALUES(7007, '0642654687', '0145878236', 'ESTABA PENSANDO EN IR A LA PISCINA O EN IR A LA SALA DE MUSICA');
INSERT INTO MENSAJE_USUARIO VALUES(7008, '0145878236', '0642654687', 'TE PARECE SI VAMOS PRIMERO A LA SALA DE MUSICA?');
INSERT INTO MENSAJE_USUARIO VALUES(7009, '0642654687', '0145878236', 'SI, BUENO');
INSERT INTO MENSAJE_USUARIO VALUES(7010, '0485248565', '0952835189', 'HOLA QUE TAL, ME LLAMO ALLISON Y TU ?');
INSERT INTO MENSAJE_USUARIO VALUES(7011, '0952835189', '0485248565', 'HOLA ALLISON ME LLAMO KEVIN, ES UN PLACER CONOCERTE');
INSERT INTO MENSAJE_USUARIO VALUES(7012, '0485248565', '0952835189', 'TE GUSTARIA HACER ALGUNA ACTIVIDAD JUNTOS?, SOY NUEVA EN ESTE LUGAR');
INSERT INTO MENSAJE_USUARIO VALUES(7013, '0952835189', '0485248565', 'SI CLARO, EN QUE ACTIVIDAD HAS PENSADO EN INSCRIBIRTE?');
INSERT INTO MENSAJE_USUARIO VALUES(7014, '0485248565', '0952835189', 'EN LA DE SALA DE PINTURA, TE PARECE BIEN ?');





-- SELECT * 
-- FROM USUARIO 
-- WHERE CEDULA = '0952835189';

-- drop TABLE PASATIEMPO;
